Kanye West teasing Michael Phelps about the face he made during the Olympics ,,
That's cool. 3.3 billion minutes of Rio Olympics coverage were streamed by @Azure to 100M viewers,,
MSGwishes Congrats to Sakshi Malik for winning India's first medal at Rio Olympics! Power of a daughter! Outstanding,,
111 years ago on this day,a Jaadugar was born.He won 3 Olympics gold medals for Indian in hockey. Salute to the legend,
Justice for Juma the jaguar killed in the name of the 2016 Summer Olympics in Brazil! ,,
I'm STILL sad that the olympics are over,,
"Do you want to wear our ""Team Usa #Olympics"" Tee. ",,
BRAZIL:  Food 12 - 15 Quick Brazilian Recipes for the Olympics ,,
The Best Booties From The Rio Olympics  ,,
READ! How Goodwill Ambassador Salman Khan is set to fulfill his Rio Olympics promise,,
Doping retests: 3 weightlifters &amp; 1 runner stripped of medals from Beijing Olympics.,,
MPS SUMMON Sports CS Hassan Wario to answer questions over mismanagement of the Kenyan team to the Rio Olympics. ,,
The Ghetto Olympics: Blunt Relay Race lmfao ,,
He says with a grin all I need to do is look at Shhoma Uno's 4F to know it will be my last #Olympics ,,
The Olympics must be my curse or something. #BlankaVlasic #quotation ,,
Most cities will be too hot to host 2088 summer Olympics,,
Meanwhile there was a weightlifting category in the Olympics.,,
What will be the most timeless images of the 2016 Rio Olympics? by Hongtao Zhang,,
Take notes- these 7 brands crushed their Olympics #social campaigns,,
Ohio pig showman triumphed at the Olympics,,
CM @ArvindKejriwal takes a look at the Silver Medal won at the Olympics by Indian badminton legend @Pvsindhu1 ,,
Thank you to @AnthemFDN for supporting the Special Olympics Indiana health iniative! #IndyPlanePull,,
 Post a 5 sec clip of an Olympics video,,
Which Olympic marketers spent the most on TV and #digital ads? #Olympics #TV  #advertising ,,
"This colossal farce and billion dollar industry &amp; profiteering of the ""Olympics"" should be dismantled and ended; its a rigged game.",,
Congrats to @DuttYogi on upgrade of medal in London #Olympics @mlkhattar should release difference amount of prize monâ,,
The Olympics look intense this year ,,
I think it's to do with a statement she made about an opponent's team at the Olympics,,
I love the gymnast in the Olympics,,
Rio 2016 Olympics day five: The big events you can't miss ,,
He says with a grin all I need to do is look at Shhoma Uno's 4F to know it will be my last #Olympics #hpc16 ,,
 IOC strips four more athletes -- including three Russians -- of medals from 2008 Olympics,,
Most cities will be too hot to host 2088 summer Olympics ,,
I miss watching the Olympics ,,
With an outstanding success of #Sevens at the #olympics who is looking forward to the @Dubai7s in December??,,
Are you surprised at the difficulty Team USA had getting the Gold Medal at the #Olympics ?,,
 Inside the making of an #Olympics meme that was viewed 45 million times. ,,
IOC strips 4 more medallists for doping at Beijing Olympics,,
Did Brands Earn High Marks For Their #Olympics Influencer Campaigns?: #sportsbiz  ,,
Olympic Gold Medal in hand,,
India has won 8 Olympics Gold Medal till date. Now @piersmorgan donate 1million to Indian charity @virendersehwag ,,
It's funny when my neighbor brings up the olympics and I start thinking about all the times I taught his wife the backstroke,,
 I can get opportunity to go China to learn Chinese. I not so like the China cuz they dont let us get gold in Olympics,,
Great read from @nickburcher on what we did with @Brandwatch and @TwitterUK around Rio 2016 ,,
Special Issue: The 1984 Olympics Preview - 534 Pages! - Sports Illustrated - July 18,,
#MGX made the city of Miami Gardens Billboard for their accomplishments during the 2016 AAU Junior Olympics! #TTBG ,,
Did the #USWNT's early exit in the Olympics cost the #NWSL a big post-tournament bump? ,,
 The Olympics have ended,,
Who said RumalChu can't bring medals in Olympics?It's fusion of wrestling,,
Seriously !!!  We'd bring back gold for that too if it was around today. ,,
Man walks12km carrying dead wife's body.O pwrs that R! Fix it pls #Rio #Olympics #Medals #PiersMorgan #Sedition #Arna,,
Hacker News - Rio Olympics Take the Gold for 540gb/sec Sustained DDoS Attacks ,,
With the Olympics only four years away,,
BREAKING: This event is bigger than the Olympics - and it could be coming here ,,
Got an email from the Olympics committee saying they'd sue if I didn't delete a video of Bolt. I was sweating ,,
Did Brands Earn High Marks For Their #Olympics Influencer Campaigns?: #sportsbiz  ,,
Frans Nielsen busy helping Denmark qualify for the 2018 Olympics ,,
WOW: Usain Bolt stopped an interview during the Olympics to stand in honor at the playing of the US National Anthem. ,,
When you realize the USA dominated the Olympics but also that USA will give you back your SVU marathons now,,
Gold medal for older Olympics  #stockton,,
Gymnastics great Caslavska dies at 74 - The Japan Times,,
PM lauds Indian daughters' endeavours in Rio; demands all-round focus in sports ,,
Country's daughters have made us proud at Rio Olympics: PM @narendramodi during #MannKiBaat ,,
Missing the olympics ,,
Arrive like a boss .. #haryanviwomen are tougher than most men &amp; no you don't have to look at the Olympics for that  ,,
Next Olympics must include games like digging well laid roads,,
Wimbledon 2016 Champion &amp; Rio Olympics Gold Medalist Andy Murray's Preparations for U.... ,,
Salman Khan keeps promise; to reward India's Rio Olympics athletes through IOA,,
This guy did a homemade Olympics &amp; I'm just...,,
Inspired by Para sport and the #Paralympics? Then why not try #ShakeUp2016 and get involved! #Rio2016 #7daystogo ,,
Joined a swim club right after the Olympics. Went right to the desk &amp; said,,
Guuyyyysss the guy who didn't care about the olympics called and I answered by mistake. I don't want to be a part of this narrative anymore,,
Take a look at some of the Olympians who have represented #Lethbridge @ the Olympics!,,
CNNAfrica: Missing uniforms: Olympics drama continues for Kenyan athletics ,,
The Texas A&amp;M Judo team congratulates @Judo_Kayla @judosilencer @JimmyPedroUSA for for a successful Olympics ,,
i love the Olympics,, Grab yours Here &gt;&gt; 
Hitting blind spots on the way to gold? Olympics ads remind marketers to sweat the data details ,,
We love a challenge: getting the #Paralympics IT up &amp; running two weeks after the Olympics  ,,
I added a video to a @YouTube playlist https://t.co/4tzVehmD5v CANADA DIDN'T GET THE GOLD!! | 2016 Rio Olympics Results,,
Get Inspiration from Rio Summer Olympics Athletes ,,
7 Traditional African Sports that Should Be in the Olympics &gt; @okayafrica ,,
Getting ready for the awards ceremony for 2016 team Olympics. #gopo ,,
 1 Armenian Stripped Of Medals From Beijing Olympics ,,
Jesse Owens after winning the long jump at the 1936 Summer Olympics in Nazi Germany,,
The Winnipeg Falcons won Canada's first gold medal in #icehockey at the Summer Olympics in Belgium in 1920.,,
Perhaps amateur boxing isn't so different from pro boxing after all... ,,
Rio Olympics: Basketball: Spain beat Nigeria amidst security scare ,,
Check out my friend/co-intern Caroline's newest blog post! She gave the Olympics the comedy and reverence we needed. ,,
Remember when we thought Romney dissing London's security preparedness for the Olympics was a low for a presidential candidate,,
These guys would win gold at the Mental Olympics for the gymnastic work. ,,
#Olympics gymnast Gabby Douglas reveals she had a cyst removed in her mouth.,,
#BlackGirlMagic Is Making History at the Rio Olympics!,,
We've had a fab day celebrating the ZenOffice Olympics. Special thanks to you our VIP guest @NicolaWhite28 #Gold ,,
DYK.. only 4% of sports programming in Canada featured women's sport? Will we see change post Olympics? ,,
Check out the 10 most compelling Olympics ads according to facial-tracking technology,,
At the last #closingceremony this happened! #olympics,,
READ! How Goodwill Ambassador Salman Khan is set to fulfill his Rio Olympics promise,,
No body worked harder for a hug then my dad at the Olympics. This is one of the moments I'll never forget ,,
Chinese Divers Get Engaged at Olympics Medal Ceremony ,,
PV Sindhu-Carolina Marina's gold medal match at Olympics attracted 17.2 million TV viewers,,
